ときのそら,https://pbs.twimg.com/profile_images/1226480870048985090/nE0E3xVR_400x400.jpg
ロボ子さん,https://pbs.twimg.com/profile_images/1245004564387905536/lLVD-Uoc_400x400.jpg
さくらみこ,https://pbs.twimg.com/profile_images/1258747350031294466/MF8L4ecA_400x400.jpg
夏色まつり,https://pbs.twimg.com/profile_images/1248632294031548416/JScHfEUp_400x400.jpg
白神フブキ,https://pbs.twimg.com/profile_images/1253805002633515010/8J2nB1eT_400x400.png
赤井はあと,https://pbs.twimg.com/profile_images/1250097544685686784/EHszs8rv_400x400.jpg
湊あくあ,https://pbs.twimg.com/profile_images/1243447833170067456/rG_KKOcw_400x400.jpg
大空スバル,https://pbs.twimg.com/profile_images/1254546497237954560/fKjCG683_400x400.jpg
犬神ミオ,https://pbs.twimg.com/profile_images/1256052407676497920/ChxH1pzZ_400x400.jpg
猫又おかゆ,https://pbs.twimg.com/profile_images/1262337520580169729/ifDcEWgE_400x400.jpg
犬神ころね,https://pbs.twimg.com/profile_images/1262339742202355718/Y7p79zx4_400x400.jpg
宝鐘マリン,https://pbs.twimg.com/profile_images/1258404634885935105/BN7PIVtS_400x400.jpg
兎田ぺこら,https://pbs.twimg.com/profile_images/1261616352944484352/W8HDH5l8_400x400.jpg
潤羽るしあ,https://pbs.twimg.com/profile_images/1245759973277069313/35ySYh3F_400x400.jpg
星街すいせい,https://pbs.twimg.com/profile_images/1223272813529710592/YEozHgbm_400x400.jpg
桐生ココ,https://pbs.twimg.com/profile_images/1253659421269389313/Jmm631kV_400x400.jpg
天音かなた,https://pbs.twimg.com/profile_images/1261698416632946688/u8N3aVFo_400x400.jpg
